"","Chisq","Df","Pr(>Chisq)","Chisq","Df","Pr(>Chisq)","Chisq","Df","Pr(>Chisq)"
"precipitationfac",0.315034134614968,1,0.574607343756717,0.638950859595166,1,0.424090961596532,0.267447593383047,1,0.605049110001815
"nitrogenfac",0.2045229650614,1,0.651094543952233,2.9690154088342,1,0.0848734964442531,3.71844435013011,1,0.0538144870496499
"precipitationfac:nitrogenfac",0.616607562761703,1,0.432310737547269,0.0962609991585801,1,0.756363575572571,0.166874129116318,1,0.682904942303788
