"","Chisq","Df","Pr(>Chisq)","Chisq","Df","Pr(>Chisq)","Chisq","Df","Pr(>Chisq)","Chisq","Df","Pr(>Chisq)","Chisq","Df","Pr(>Chisq)"
"precipitationfac",0.0386069199920222,1,0.844229447333704,3.66380990168532,1,0.0556063419948852,0.00272299940738573,1,0.958383383025177,3.75683392170029,1,0.0525920731277628,0.723344323986645,1,0.39504909652806
"nitrogenfac",0.0368532778116343,1,0.84776407901671,3.17086679070305,1,0.0749626526489181,3.64601883518077,1,0.056203406717564,2.61262034723438,1,0.106016454709789,0.481053559307877,1,0.487945484743423
"precipitationfac:nitrogenfac",0.812039231937758,1,0.367518037189512,0.187726770290828,1,0.664815379720963,0.0443028062861481,1,0.833291250572488,0.435790431757752,1,0.509161264080438,0.00670867392895678,1,0.934721069505103
